index,num_trials,num_successes,volume_quality,epsilon_quality,grasp_fnm
0,10,0,0.0,-1.0,grasp_0000.npy
1,10,10,0.0009231171086891738,0.00484714423057029,grasp_0001.npy
2,10,0,0.0,-1.0,grasp_0002.npy
3,10,10,0.0016485579964604566,-1.0,grasp_0003.npy
4,10,0,0.0,-1.0,grasp_0004.npy
5,10,0,0.0,-1.0,grasp_0005.npy
6,10,0,0.0,-1.0,grasp_0006.npy
7,10,10,0.0,-1.0,grasp_0007.npy
8,10,10,0.001202711178051879,0.004265607540651101,grasp_0008.npy
9,10,0,0.0,-1.0,grasp_0009.npy
10,10,10,0.004084775142806157,0.01775675856674279,grasp_0010.npy
11,10,0,0.0,-1.0,grasp_0011.npy
12,10,10,0.0028008073676650813,0.014327355398503442,grasp_0012.npy
13,10,0,0.0,-1.0,grasp_0013.npy
14,10,10,0.0,-1.0,grasp_0014.npy
15,10,10,0.0007167862611517494,0.003640320725037057,grasp_0015.npy
16,10,0,0.0,-1.0,grasp_0016.npy
17,10,10,0.0,-1.0,grasp_0017.npy
18,10,0,0.005851038332311339,0.012387414224873656,grasp_0018.npy
19,10,10,0.0,-1.0,grasp_0019.npy
20,10,10,0.0,-1.0,grasp_0020.npy
21,10,10,0.002327072185278333,0.007472192311049584,grasp_0021.npy
22,10,10,0.002363566257134666,0.000414419060619467,grasp_0022.npy
23,10,10,0.003191106753702864,-1.0,grasp_0023.npy
24,10,10,0.0008325080783498817,0.0009174531491419344,grasp_0024.npy
25,10,10,0.004381217844765669,0.014397129648101241,grasp_0025.npy
26,10,10,0.004000390990182278,0.020352181387858412,grasp_0026.npy
27,10,0,0.0,-1.0,grasp_0027.npy
28,10,10,0.0,-1.0,grasp_0028.npy
29,10,0,0.026581257684951145,0.029007020076934092,grasp_0029.npy
30,10,10,0.005117040405407326,0.009581442772072499,grasp_0030.npy
31,10,0,0.0,-1.0,grasp_0031.npy
32,10,0,0.0028403150267235,0.006329723754181005,grasp_0032.npy
33,10,0,0.0021596290913730495,-1.0,grasp_0033.npy
34,10,0,0.0019000174331056062,0.005297387153152658,grasp_0034.npy
35,10,0,0.0,-1.0,grasp_0035.npy
36,10,0,0.0042818776651763,0.009728156485655427,grasp_0036.npy
37,10,0,0.001606584602770902,0.004668637880790971,grasp_0037.npy
38,10,10,0.0,-1.0,grasp_0038.npy
39,10,10,0.0,-1.0,grasp_0039.npy
40,10,10,0.007098570509939347,0.008599258360434774,grasp_0040.npy
41,10,10,0.004217608722407835,0.009063570504086061,grasp_0041.npy
42,10,10,0.0012558809823023916,-1.0,grasp_0042.npy
43,10,10,0.002278868284844939,0.008548873248234334,grasp_0043.npy
44,10,0,0.002344332614688099,0.003010894460162436,grasp_0044.npy
45,10,0,0.00505347018257245,0.002499711283787835,grasp_0045.npy
46,10,10,0.0,-1.0,grasp_0046.npy
47,10,0,0.00571865908531213,0.01257934641384443,grasp_0047.npy
48,10,10,0.0,-1.0,grasp_0048.npy
49,10,10,0.0027185373868828487,-1.0,grasp_0049.npy
50,10,0,0.0,-1.0,grasp_0050.npy
51,10,0,0.0027378841364228282,-1.0,grasp_0051.npy
52,10,10,0.008166401712704692,0.018650456453625803,grasp_0052.npy
53,10,10,0.0,-1.0,grasp_0053.npy
54,10,10,0.0,-1.0,grasp_0054.npy
55,10,10,0.0,-1.0,grasp_0055.npy
56,10,1,0.0013947141279322139,0.003124108247075281,grasp_0056.npy
57,10,0,0.0,-1.0,grasp_0057.npy
58,10,0,0.0,-1.0,grasp_0058.npy
59,10,10,0.0009127267739961431,0.0007544602999820932,grasp_0059.npy
60,10,10,0.012971422510586764,0.0031118782754428753,grasp_0060.npy
61,10,10,0.0010825793760900267,-1.0,grasp_0061.npy
62,10,0,0.0,-1.0,grasp_0062.npy
63,10,10,0.0029912746608937064,0.013411011801043543,grasp_0063.npy
64,10,0,0.0,-1.0,grasp_0064.npy
65,10,10,0.0011651884820187445,0.004134089058482698,grasp_0065.npy
66,10,0,0.0,-1.0,grasp_0066.npy
67,10,0,0.0027806192431560186,0.004833675480374157,grasp_0067.npy
68,10,0,0.0033182851885145614,-1.0,grasp_0068.npy
69,10,0,0.003599308411400171,0.001738719168196512,grasp_0069.npy
70,10,10,0.0,-1.0,grasp_0070.npy
71,10,0,0.0017460966052213521,-1.0,grasp_0071.npy
72,10,0,0.0,-1.0,grasp_0072.npy
73,10,10,0.0017968212114615645,0.004861253257976669,grasp_0073.npy
74,10,10,0.001440144269971217,-1.0,grasp_0074.npy
75,10,10,0.0,-1.0,grasp_0075.npy
76,10,10,0.0006772856350548274,0.004301016310474005,grasp_0076.npy
77,10,10,0.0,-1.0,grasp_0077.npy
78,10,0,0.008413860730599127,0.015349724378106576,grasp_0078.npy
79,10,10,0.0016153675550670279,-1.0,grasp_0079.npy
80,10,0,0.00806958588992511,0.017371698050503558,grasp_0080.npy
81,10,10,0.0006604116515569465,0.002750578584247277,grasp_0081.npy
82,10,0,0.0,-1.0,grasp_0082.npy
83,10,10,0.0,-1.0,grasp_0083.npy
84,10,0,0.002134846465583653,-1.0,grasp_0084.npy
85,10,0,0.0,-1.0,grasp_0085.npy
86,10,0,0.0,-1.0,grasp_0086.npy
87,10,0,0.004746106712585015,-1.0,grasp_0087.npy
88,10,0,0.0,-1.0,grasp_0088.npy
89,10,0,0.005461924858830327,0.011784418985135728,grasp_0089.npy
90,10,0,0.0027501760696076916,0.007507843964161737,grasp_0090.npy
91,10,10,0.00282497258792677,-1.0,grasp_0091.npy
92,10,10,0.0,-1.0,grasp_0092.npy
93,10,10,0.0,-1.0,grasp_0093.npy
94,10,10,0.003113824821804269,0.004787614033313178,grasp_0094.npy
95,10,0,0.0,-1.0,grasp_0095.npy
96,10,10,0.01755070005648871,0.02276707216854736,grasp_0096.npy
97,10,10,0.01724618887873025,0.004297808405538981,grasp_0097.npy
98,10,0,0.0007236385506880113,-1.0,grasp_0098.npy
99,10,0,0.0,-1.0,grasp_0099.npy
100,10,0,0.0,-1.0,grasp_0100.npy
101,10,10,0.0,-1.0,grasp_0101.npy
102,10,10,0.0,-1.0,grasp_0102.npy
103,10,0,0.0,-1.0,grasp_0103.npy
104,10,10,0.0,-1.0,grasp_0104.npy
105,10,0,0.0053115502051955445,0.007561946694134979,grasp_0105.npy
106,10,0,0.0034629487473123548,0.009039356941921574,grasp_0106.npy
107,10,0,0.0,-1.0,grasp_0107.npy
108,10,1,0.009740500429072804,0.01965676362213751,grasp_0108.npy
109,10,10,0.002677887412398532,0.005787387083329081,grasp_0109.npy
110,10,0,0.0,-1.0,grasp_0110.npy
111,10,10,0.020666570160561476,0.03072252833136868,grasp_0111.npy
112,10,0,0.0016467659944852146,-1.0,grasp_0112.npy
113,10,10,0.004035921641547474,0.006767577837784311,grasp_0113.npy
114,10,10,0.0005764265613606513,0.0017870694803017173,grasp_0114.npy
115,10,0,0.0014306897503724378,0.009578311066722751,grasp_0115.npy
116,10,10,0.005233441137088131,0.01066029747290266,grasp_0116.npy
117,10,0,0.0,-1.0,grasp_0117.npy
118,10,0,0.013119207471989172,0.017662665049245116,grasp_0118.npy
119,10,0,0.0,-1.0,grasp_0119.npy
120,10,0,0.0008341136388776045,-1.0,grasp_0120.npy
121,10,10,0.0,-1.0,grasp_0121.npy
122,10,0,0.002176886169377749,-1.0,grasp_0122.npy
123,10,0,0.0,-1.0,grasp_0123.npy
124,10,0,0.0,-1.0,grasp_0124.npy
125,10,10,0.0,-1.0,grasp_0125.npy
126,10,10,0.011552206499210039,0.0010981565358560985,grasp_0126.npy
127,10,10,0.007981043927026756,0.01618782607072819,grasp_0127.npy
128,10,10,0.004763748977236553,0.012475259448816861,grasp_0128.npy
129,10,10,0.0,-1.0,grasp_0129.npy
130,10,10,0.01012125819702765,0.019928990750643208,grasp_0130.npy
131,10,0,0.020109477320385746,-1.0,grasp_0131.npy
132,10,10,0.0,-1.0,grasp_0132.npy
133,10,0,0.0,-1.0,grasp_0133.npy
134,10,10,0.0,-1.0,grasp_0134.npy
135,10,10,0.0065693174600113,0.021308883345751845,grasp_0135.npy
136,10,0,0.0,-1.0,grasp_0136.npy
137,10,0,0.0,-1.0,grasp_0137.npy
138,10,10,0.0,-1.0,grasp_0138.npy
139,10,10,0.00212377545034356,-1.0,grasp_0139.npy
140,10,0,0.0,-1.0,grasp_0140.npy
141,10,10,0.004828242902992204,0.012424743449105428,grasp_0141.npy
142,10,0,0.0,-1.0,grasp_0142.npy
143,10,0,0.001320398695958765,-1.0,grasp_0143.npy
144,10,10,0.011599265579104715,0.024001240197093918,grasp_0144.npy
145,10,0,0.0,-1.0,grasp_0145.npy
146,10,10,0.0,-1.0,grasp_0146.npy
147,10,10,0.007882937595837618,-1.0,grasp_0147.npy
148,10,10,0.005297290490100278,0.014077837799310126,grasp_0148.npy
149,10,0,0.004576107724576476,0.011927319040244501,grasp_0149.npy
150,10,0,0.0034938917396430875,-1.0,grasp_0150.npy
151,10,10,0.0,-1.0,grasp_0151.npy
152,10,10,0.0,-1.0,grasp_0152.npy
153,10,0,0.0,-1.0,grasp_0153.npy
154,10,0,0.0030603162071837914,0.0007823401753933312,grasp_0154.npy
155,10,10,0.0,-1.0,grasp_0155.npy
156,10,10,0.0,-1.0,grasp_0156.npy
157,10,10,0.0007688141395906518,7.298445181547208e-11,grasp_0157.npy
158,10,10,0.0,-1.0,grasp_0158.npy
159,10,10,0.0010001793031478054,0.002636469604925456,grasp_0159.npy
160,10,0,0.0,-1.0,grasp_0160.npy
161,10,10,0.0007139650812938388,0.003473143534209716,grasp_0161.npy
162,10,10,0.0,-1.0,grasp_0162.npy
163,10,0,0.0,-1.0,grasp_0163.npy
164,10,10,0.0006186061662702679,-1.0,grasp_0164.npy
165,10,0,0.010166154775505892,-1.0,grasp_0165.npy
166,10,10,0.0,-1.0,grasp_0166.npy
167,10,10,0.0,-1.0,grasp_0167.npy
168,10,10,0.0,-1.0,grasp_0168.npy
169,10,10,0.0,-1.0,grasp_0169.npy
170,10,10,0.0,-1.0,grasp_0170.npy
171,10,10,0.0011029723682998381,0.0029143987902900724,grasp_0171.npy
172,10,0,0.007919412214076974,0.014187005275111964,grasp_0172.npy
173,10,0,0.0015716018706752291,0.0009563310011613813,grasp_0173.npy
174,10,10,0.0,-1.0,grasp_0174.npy
175,10,0,0.01910591482379417,0.033940431837431596,grasp_0175.npy
176,10,0,0.005150370146466401,0.00751667856175936,grasp_0176.npy
177,10,10,0.0048110257415893585,0.006539414047469862,grasp_0177.npy
178,10,0,0.008031315668093973,0.015457680710952439,grasp_0178.npy
179,10,10,0.0,-1.0,grasp_0179.npy
180,10,10,0.005458831954190809,0.011096026390302619,grasp_0180.npy
181,10,10,0.003406568222516371,0.004563575635951556,grasp_0181.npy
182,10,10,0.0016103926726560769,-1.0,grasp_0182.npy
183,10,10,0.0,-1.0,grasp_0183.npy
184,10,0,0.0014768431343621668,-1.0,grasp_0184.npy
185,10,10,0.000635538236272401,0.0017042327481961092,grasp_0185.npy
186,10,0,0.0034170662938548106,-1.0,grasp_0186.npy
187,10,10,0.0,-1.0,grasp_0187.npy
188,10,10,0.005181404027148341,0.005804278538035373,grasp_0188.npy
189,10,10,0.0,-1.0,grasp_0189.npy
190,10,10,0.0034113179096152326,0.007366200628853406,grasp_0190.npy
191,10,10,0.0021658011303945963,0.010774047236044384,grasp_0191.npy
192,10,10,0.0,-1.0,grasp_0192.npy
193,10,10,0.007665151296806479,0.017561291450448345,grasp_0193.npy
194,10,0,0.0,-1.0,grasp_0194.npy
195,10,0,0.0059022362647846785,0.006124200282534558,grasp_0195.npy
196,10,0,0.0,-1.0,grasp_0196.npy
197,10,10,0.0,-1.0,grasp_0197.npy
198,10,0,0.0007361263727102021,-1.0,grasp_0198.npy
199,10,0,0.0019915641909201355,-1.0,grasp_0199.npy
200,10,10,0.0,-1.0,grasp_0200.npy
201,10,10,0.0017976253773911088,2.8995555956257135e-12,grasp_0201.npy
202,10,10,0.0,-1.0,grasp_0202.npy
203,10,10,0.002941855430522501,-1.0,grasp_0203.npy
204,10,0,0.0,-1.0,grasp_0204.npy
205,10,10,0.0016408251126301268,-1.0,grasp_0205.npy
206,10,0,0.03482447446067606,0.006625335560996176,grasp_0206.npy
207,10,10,0.004971658867693364,0.011229566032207802,grasp_0207.npy
208,10,10,0.00537533706463204,-1.0,grasp_0208.npy
209,10,0,0.0,-1.0,grasp_0209.npy
210,10,10,0.0,-1.0,grasp_0210.npy
211,10,0,0.0,-1.0,grasp_0211.npy
212,10,10,0.0018445691684661257,0.004390827399170405,grasp_0212.npy
213,10,10,0.0015880411568824147,-1.0,grasp_0213.npy
214,10,0,0.0008370558708237038,-1.0,grasp_0214.npy
215,10,0,0.0,-1.0,grasp_0215.npy
216,10,10,0.001967348611476857,0.003511251835314755,grasp_0216.npy
217,10,0,0.002065759762617978,0.003869432531006964,grasp_0217.npy
218,10,10,0.002340272272218294,0.004653825871553031,grasp_0218.npy
219,10,10,0.00514628213981867,0.011809454208886905,grasp_0219.npy
220,10,10,0.0,-1.0,grasp_0220.npy
221,10,0,0.0020572161031462773,-1.0,grasp_0221.npy
222,10,0,0.0013038225944881031,-1.0,grasp_0222.npy
223,10,10,0.0,-1.0,grasp_0223.npy
224,10,0,0.0077022163350927535,-1.0,grasp_0224.npy
225,10,0,0.0,-1.0,grasp_0225.npy
226,10,0,0.002226689971144244,-1.0,grasp_0226.npy
227,10,0,0.00707248816711531,0.00795040595004902,grasp_0227.npy
228,10,0,0.006180542186582368,0.005847569420034435,grasp_0228.npy
229,10,0,0.003125158204569275,0.00648311750056027,grasp_0229.npy
230,10,0,0.0,-1.0,grasp_0230.npy
231,10,0,0.0,-1.0,grasp_0231.npy
232,10,10,0.007031476633941987,0.01276005020006481,grasp_0232.npy
233,10,0,0.0,-1.0,grasp_0233.npy
234,10,10,0.002281871017691403,-1.0,grasp_0234.npy
235,10,0,0.003204775669931101,0.004174555780746044,grasp_0235.npy
236,10,0,0.005709037952618224,0.004474281498971666,grasp_0236.npy
237,10,0,0.0,-1.0,grasp_0237.npy
238,10,10,0.0,-1.0,grasp_0238.npy
239,10,0,0.0,-1.0,grasp_0239.npy
240,10,0,0.007151863890599276,-1.0,grasp_0240.npy
241,10,0,0.0025142673864527146,-1.0,grasp_0241.npy
242,10,0,0.0,-1.0,grasp_0242.npy
243,10,0,0.0019003656336053826,-1.0,grasp_0243.npy
244,10,10,0.0015226010269965315,0.0034856041663371582,grasp_0244.npy
245,10,10,0.0035534652046981577,0.014366756151198715,grasp_0245.npy
246,10,10,0.03229859396482995,0.02819408563772577,grasp_0246.npy
247,10,0,0.0019664851274958264,0.004105676211314614,grasp_0247.npy
248,10,10,0.0,-1.0,grasp_0248.npy
249,10,0,0.0,-1.0,grasp_0249.npy
250,10,10,0.0,-1.0,grasp_0250.npy
251,10,0,0.010328435730884154,0.017730207259819667,grasp_0251.npy
252,10,10,0.0,-1.0,grasp_0252.npy
253,10,0,0.0,-1.0,grasp_0253.npy
254,10,10,0.0,-1.0,grasp_0254.npy
255,10,10,0.0,-1.0,grasp_0255.npy
256,10,0,0.0,-1.0,grasp_0256.npy
257,10,0,0.0,-1.0,grasp_0257.npy
258,10,0,0.0,-1.0,grasp_0258.npy
259,10,0,0.0,-1.0,grasp_0259.npy
260,10,0,0.0,-1.0,grasp_0260.npy
261,10,10,0.0018590529327152342,0.005664961976481959,grasp_0261.npy
262,10,10,0.0005136810905080212,0.00016190360704111673,grasp_0262.npy
263,10,10,0.005319575599628892,0.011639973610206087,grasp_0263.npy
264,10,10,0.0,-1.0,grasp_0264.npy
265,10,0,0.003766048219517188,0.0025605404759592443,grasp_0265.npy
266,10,10,0.0,-1.0,grasp_0266.npy
267,10,10,0.007726006885177843,0.016489999181986077,grasp_0267.npy
268,10,0,0.0,-1.0,grasp_0268.npy
269,10,0,0.0019145035911750264,4.5833739581446764e-11,grasp_0269.npy
270,10,0,0.0,-1.0,grasp_0270.npy
271,10,0,0.0,-1.0,grasp_0271.npy
272,10,10,0.005758056013664745,0.010184022193409099,grasp_0272.npy
273,10,0,0.0019417521088627805,-1.0,grasp_0273.npy
274,10,0,0.0,-1.0,grasp_0274.npy
275,10,0,0.015362709403767164,0.0196865177187291,grasp_0275.npy
276,10,0,0.0,-1.0,grasp_0276.npy
277,10,0,0.0,-1.0,grasp_0277.npy
278,10,10,0.00048586971788985346,-1.0,grasp_0278.npy
279,10,0,0.011979183067414741,0.023049947406834578,grasp_0279.npy
280,10,10,0.0005874268461799124,0.001680587518208535,grasp_0280.npy
281,10,10,0.00211118728531698,0.0021461017130546545,grasp_0281.npy
282,10,10,0.0,-1.0,grasp_0282.npy
283,10,0,0.002005571324404306,0.003966536734873773,grasp_0283.npy
284,10,10,0.0018036023995093172,0.0031233346538833417,grasp_0284.npy
285,10,10,0.0032372939023826517,0.006110215543060973,grasp_0285.npy
286,10,0,0.0013095444519395072,0.006040842240968354,grasp_0286.npy
287,10,10,0.004221523256921344,0.009932692099482388,grasp_0287.npy
288,10,10,0.0,-1.0,grasp_0288.npy
289,10,0,0.011055127204907532,0.021025350300156787,grasp_0289.npy
290,10,0,0.0019616278728917533,0.005255935584466166,grasp_0290.npy
291,10,0,0.0,-1.0,grasp_0291.npy
292,10,10,0.0,-1.0,grasp_0292.npy
293,10,10,0.0,-1.0,grasp_0293.npy
294,10,0,0.0052313235973340715,0.01458382817178526,grasp_0294.npy
295,10,0,0.0,-1.0,grasp_0295.npy
296,10,0,0.019882875795385505,-1.0,grasp_0296.npy
297,10,0,0.002163282986490709,0.0042962555266251035,grasp_0297.npy
298,10,10,0.0036969060965925727,0.012206127187787266,grasp_0298.npy
299,10,10,0.0012310555290995047,0.0025347468282015985,grasp_0299.npy
300,10,10,0.0,-1.0,grasp_0300.npy
301,10,0,0.005548335814435151,0.007383719855560654,grasp_0301.npy
302,10,10,0.00292382957561086,0.004628257272413908,grasp_0302.npy
303,10,10,0.0,-1.0,grasp_0303.npy
304,10,0,0.002628322319717171,0.0034233044574020766,grasp_0304.npy
305,10,0,0.0,-1.0,grasp_0305.npy
306,10,10,0.0,-1.0,grasp_0306.npy
307,10,10,0.002295607011080386,0.0028262125339774437,grasp_0307.npy
308,10,10,0.001149389729018834,0.00198812651288573,grasp_0308.npy
309,10,6,0.0013790823651668642,0.003190248557438366,grasp_0309.npy
310,10,0,0.0,-1.0,grasp_0310.npy
311,10,0,0.0,-1.0,grasp_0311.npy
312,10,0,0.0,-1.0,grasp_0312.npy
313,10,0,0.0,-1.0,grasp_0313.npy
314,10,10,0.0008277857820324844,0.002652709807287809,grasp_0314.npy
315,10,0,0.0,-1.0,grasp_0315.npy
316,10,10,0.0017980608615531524,0.0018844031421282742,grasp_0316.npy
317,10,10,0.002095698121526797,0.00637208632141942,grasp_0317.npy
318,10,10,0.0,-1.0,grasp_0318.npy
319,10,10,0.0013941789501196484,0.002642881361592174,grasp_0319.npy
320,10,10,0.0,-1.0,grasp_0320.npy
321,10,0,0.0,-1.0,grasp_0321.npy
322,10,10,0.001940836787619116,0.0032475024442349884,grasp_0322.npy
323,10,0,0.0041745110911757,0.006742318562553318,grasp_0323.npy
324,10,10,0.0007227304260670743,-1.0,grasp_0324.npy
325,10,10,0.0027187557386345075,0.007044256664834783,grasp_0325.npy
326,10,10,0.0,-1.0,grasp_0326.npy
327,10,10,0.0,-1.0,grasp_0327.npy
328,10,10,0.0,-1.0,grasp_0328.npy
329,10,10,0.0024004325211265196,0.004479272510339392,grasp_0329.npy
330,10,0,0.0,-1.0,grasp_0330.npy
331,10,0,0.0,-1.0,grasp_0331.npy
332,10,0,0.0,-1.0,grasp_0332.npy
333,10,0,0.0035235081497327955,0.007734840166602419,grasp_0333.npy
334,10,10,0.0033343012241881,-1.0,grasp_0334.npy
335,10,10,0.0,-1.0,grasp_0335.npy
336,10,0,0.0,-1.0,grasp_0336.npy
337,10,10,0.0,-1.0,grasp_0337.npy
338,10,0,0.00416309278426258,0.00839486809416799,grasp_0338.npy
339,10,10,0.0,-1.0,grasp_0339.npy
340,10,0,0.006575369966807411,0.00416613618912694,grasp_0340.npy
341,10,10,0.0,-1.0,grasp_0341.npy
342,10,10,0.0014871527239028732,0.006111197679619736,grasp_0342.npy
343,10,0,0.002291213140393808,0.004462129074432662,grasp_0343.npy
344,10,0,0.0,-1.0,grasp_0344.npy
345,10,10,0.0034040432905678136,0.006542242897430273,grasp_0345.npy
346,10,0,0.009730455564142102,0.008642629133365175,grasp_0346.npy
347,10,0,0.0,-1.0,grasp_0347.npy
348,10,0,0.005668102715590576,-1.0,grasp_0348.npy
349,10,0,0.004689549229737756,0.0027300568236086897,grasp_0349.npy
350,10,0,0.0047779154511091385,0.01129936672328613,grasp_0350.npy
351,10,10,0.0027005992728911113,0.006011586542128531,grasp_0351.npy
352,10,10,0.0011179643408042947,-1.0,grasp_0352.npy
353,10,0,0.0036170573547692677,0.0061500259811180374,grasp_0353.npy
354,10,0,0.007095059711030167,0.012615964781505312,grasp_0354.npy
355,10,0,0.0021478347535823727,0.002277047839769857,grasp_0355.npy
356,10,0,0.004434658739116532,-1.0,grasp_0356.npy
357,10,0,0.0,-1.0,grasp_0357.npy
358,10,10,0.0,-1.0,grasp_0358.npy
359,10,10,0.0,-1.0,grasp_0359.npy
360,10,10,0.006104819190441293,0.014509878916231225,grasp_0360.npy
361,10,10,0.017202679063600956,0.019377083407503964,grasp_0361.npy
362,10,0,0.003493556893249169,0.0010108669927220634,grasp_0362.npy
363,10,0,0.0,-1.0,grasp_0363.npy
364,10,10,0.0,-1.0,grasp_0364.npy
365,10,0,0.0,-1.0,grasp_0365.npy
366,10,0,0.0019085149566113306,0.00023618400150000884,grasp_0366.npy
367,10,0,0.000995052889061276,-1.0,grasp_0367.npy
368,10,0,0.0,-1.0,grasp_0368.npy
369,10,0,0.0,-1.0,grasp_0369.npy
370,10,10,0.004420824977871131,0.007107145016715499,grasp_0370.npy
371,10,0,0.0,-1.0,grasp_0371.npy
372,10,0,0.00289942322422919,0.008376613792741355,grasp_0372.npy
373,10,0,0.0009907973735544748,0.002606345378839461,grasp_0373.npy
374,10,0,0.003158677716517881,0.006327163951362444,grasp_0374.npy
375,10,10,0.000958200526286836,0.0044584058684243935,grasp_0375.npy
376,10,10,0.0009124128073605051,0.003266500288433738,grasp_0376.npy
377,10,10,0.006017605001860774,0.00991985977694873,grasp_0377.npy
378,10,10,0.0015227105376388094,0.006944711416119589,grasp_0378.npy
379,10,10,0.0019954773000664407,0.003127665248776647,grasp_0379.npy
380,10,10,0.0015450797647476343,0.0036786072668339165,grasp_0380.npy
381,10,0,0.003055040303877616,0.005476963016154891,grasp_0381.npy
382,10,0,0.004189568936550337,0.008386422433187352,grasp_0382.npy
383,10,0,0.0,-1.0,grasp_0383.npy
384,10,10,0.0,-1.0,grasp_0384.npy
385,10,5,0.0,-1.0,grasp_0385.npy
386,10,0,0.01854733187132487,0.02798924566844617,grasp_0386.npy
387,10,0,0.0,-1.0,grasp_0387.npy
388,10,10,0.0,-1.0,grasp_0388.npy
389,10,2,0.0009387275766385917,-1.0,grasp_0389.npy
390,10,10,0.001005171357573207,-1.0,grasp_0390.npy
391,10,0,0.0,-1.0,grasp_0391.npy
392,10,10,0.0,-1.0,grasp_0392.npy
393,10,10,0.0,-1.0,grasp_0393.npy
394,10,10,0.0006143900037585031,0.0026111646366842947,grasp_0394.npy
395,10,10,0.0036946757395156077,0.0011062692567489819,grasp_0395.npy
396,10,0,0.0,-1.0,grasp_0396.npy
397,10,10,0.002881475131260165,0.005969814975258624,grasp_0397.npy
398,10,0,0.0,-1.0,grasp_0398.npy
399,10,0,0.0008772364769161912,0.0013409283910287527,grasp_0399.npy
400,10,0,0.0,-1.0,grasp_0400.npy
401,10,10,0.0,-1.0,grasp_0401.npy
402,10,10,0.0,-1.0,grasp_0402.npy
403,10,10,0.013195612922158999,0.01527611831296069,grasp_0403.npy
404,10,10,0.0,-1.0,grasp_0404.npy
405,10,10,0.0019967116668676613,0.004397605586227128,grasp_0405.npy
406,10,10,0.0,-1.0,grasp_0406.npy
407,10,10,0.0,-1.0,grasp_0407.npy
408,10,0,0.0,-1.0,grasp_0408.npy
409,10,10,0.0020502643621756102,0.0035524390624954508,grasp_0409.npy
410,10,0,0.0,-1.0,grasp_0410.npy
411,10,0,0.0,-1.0,grasp_0411.npy
412,10,10,0.003227190165309062,0.009732468806100368,grasp_0412.npy
413,10,10,0.0020850994461375,0.004457022857215415,grasp_0413.npy
414,10,0,0.0006279076189682908,0.004366382658145353,grasp_0414.npy
415,10,10,0.01306253160869232,0.01749742453983376,grasp_0415.npy
416,10,10,0.007750182601042104,0.016014265290047992,grasp_0416.npy
417,10,10,0.0019529890583565828,-1.0,grasp_0417.npy
418,10,0,0.0,-1.0,grasp_0418.npy
419,10,0,0.0,-1.0,grasp_0419.npy
420,10,0,0.004680260347987929,0.009287767298717015,grasp_0420.npy
421,10,0,0.0,-1.0,grasp_0421.npy
422,10,10,0.0025830225677043748,0.005031064634272699,grasp_0422.npy
423,10,0,0.0018527883841560617,-1.0,grasp_0423.npy
424,10,0,0.0021246639982206504,-1.0,grasp_0424.npy
425,10,0,0.00771679032995584,-1.0,grasp_0425.npy
426,10,10,0.0,-1.0,grasp_0426.npy
427,10,0,0.0014371587389970944,0.00448899537668556,grasp_0427.npy
428,10,10,0.001154991099031821,0.0013537968492731978,grasp_0428.npy
429,10,10,0.0005131922011293029,0.002018077391710442,grasp_0429.npy
430,10,10,0.0,-1.0,grasp_0430.npy
431,10,0,0.0022772427895071464,0.009327276712361124,grasp_0431.npy
432,10,0,0.0,-1.0,grasp_0432.npy
433,10,0,0.0,-1.0,grasp_0433.npy
434,10,10,0.007775333184749012,0.016841437435432607,grasp_0434.npy
435,10,10,0.013171689243878367,0.027244042736973062,grasp_0435.npy
436,10,10,0.0,-1.0,grasp_0436.npy
437,10,0,0.0014817764914754727,-1.0,grasp_0437.npy
438,10,0,0.0016821714573559791,0.0025604576174183408,grasp_0438.npy
439,10,0,0.003870786203707837,-1.0,grasp_0439.npy
440,10,10,0.0,-1.0,grasp_0440.npy
441,10,0,0.0015674273867089825,0.0004315168888278237,grasp_0441.npy
442,10,0,0.0017053672461881972,0.004256968357472246,grasp_0442.npy
443,10,0,0.013601809294220748,0.03418968539220621,grasp_0443.npy
444,10,10,0.004965437603049506,0.011556326815033338,grasp_0444.npy
445,10,10,0.0,-1.0,grasp_0445.npy
446,10,10,0.0,-1.0,grasp_0446.npy
447,10,0,0.0,-1.0,grasp_0447.npy
448,10,0,0.0,-1.0,grasp_0448.npy
449,10,0,0.006175684999616873,0.01475388032359995,grasp_0449.npy
450,10,10,0.0015317936702185114,-1.0,grasp_0450.npy
451,10,10,0.0,-1.0,grasp_0451.npy
452,10,0,0.0,-1.0,grasp_0452.npy
453,10,10,0.0009976717838143484,0.003754817315312041,grasp_0453.npy
454,10,0,0.0,-1.0,grasp_0454.npy
455,10,0,0.0,-1.0,grasp_0455.npy
456,10,10,0.0,-1.0,grasp_0456.npy
457,10,0,0.0,-1.0,grasp_0457.npy
458,10,0,0.0018565139433898519,0.003941008726786287,grasp_0458.npy
459,10,10,0.0,-1.0,grasp_0459.npy
460,10,0,0.0017765308334351778,0.00782057401629574,grasp_0460.npy
461,10,0,0.00395509506675198,0.009276463332699693,grasp_0461.npy
462,10,10,0.0,-1.0,grasp_0462.npy
463,10,10,0.007334658652824614,0.008659305949148832,grasp_0463.npy
464,10,10,0.001982299401392583,0.0019478213511625736,grasp_0464.npy
465,10,10,0.00065031538241364,0.0018262305275412172,grasp_0465.npy
466,10,10,0.0,-1.0,grasp_0466.npy
467,10,10,0.0,-1.0,grasp_0467.npy
468,10,0,0.006515385319166353,0.0014145087530040151,grasp_0468.npy
469,10,10,0.0006230709276361824,0.0031866382661158293,grasp_0469.npy
470,10,0,0.0,-1.0,grasp_0470.npy
471,10,10,0.0,-1.0,grasp_0471.npy
472,10,0,0.007514552363465687,0.006926917232874086,grasp_0472.npy
473,10,10,0.00774420713730746,0.017343561031006177,grasp_0473.npy
474,10,0,0.0,-1.0,grasp_0474.npy
475,10,0,0.0,-1.0,grasp_0475.npy
476,10,10,0.0009096730736964314,0.006033289196271628,grasp_0476.npy
477,10,10,0.018386564893190765,0.019121580939615402,grasp_0477.npy
478,10,0,0.0,-1.0,grasp_0478.npy
479,10,10,0.0014119388316321535,0.007425456971952732,grasp_0479.npy
480,10,10,0.0014071775921637606,0.008246918301534067,grasp_0480.npy
481,10,0,0.0,-1.0,grasp_0481.npy
482,10,10,0.0,-1.0,grasp_0482.npy
483,10,0,0.004403284102448337,0.008783660830843698,grasp_0483.npy
484,10,10,0.0,-1.0,grasp_0484.npy
485,10,0,0.0022070447719154083,0.0015458732196434455,grasp_0485.npy
486,10,0,0.0,-1.0,grasp_0486.npy
487,10,0,0.0,-1.0,grasp_0487.npy
488,10,0,0.0,-1.0,grasp_0488.npy
489,10,0,0.0,-1.0,grasp_0489.npy
490,10,10,0.0008175781064810984,-1.0,grasp_0490.npy
491,10,10,0.0,-1.0,grasp_0491.npy
492,10,10,0.0034661748591069508,0.006593385426528223,grasp_0492.npy
493,10,0,0.0,-1.0,grasp_0493.npy
494,10,0,0.0,-1.0,grasp_0494.npy
495,10,10,0.0,-1.0,grasp_0495.npy
496,10,0,0.0,-1.0,grasp_0496.npy
497,10,0,0.0,-1.0,grasp_0497.npy
498,10,5,0.0,-1.0,grasp_0498.npy
499,10,10,0.0,-1.0,grasp_0499.npy
500,10,0,0.005755361324621465,0.008257988122243501,grasp_0500.npy
501,10,10,0.004546675283774706,0.018355347305892902,grasp_0501.npy
502,10,10,0.01624526961848734,0.03542501366055867,grasp_0502.npy
503,10,10,0.0053178502335218605,-1.0,grasp_0503.npy
504,10,10,0.0050358899687556295,0.01565981935361157,grasp_0504.npy
505,10,10,0.0,-1.0,grasp_0505.npy
506,10,0,0.0032579247073176083,0.006272435258830021,grasp_0506.npy
507,10,0,0.002066833176269105,0.0038319994228067783,grasp_0507.npy
508,10,0,0.013435296823221934,0.014509831961187714,grasp_0508.npy
509,10,10,0.0,-1.0,grasp_0509.npy
510,10,0,0.008014607085544264,0.01693185717991485,grasp_0510.npy
511,10,10,0.0,-1.0,grasp_0511.npy
512,10,10,0.0029065598771693202,0.005248601460921647,grasp_0512.npy
513,10,10,0.0,-1.0,grasp_0513.npy
514,10,10,0.0005105304651851696,0.0035265756895511563,grasp_0514.npy
515,10,10,0.0,-1.0,grasp_0515.npy
516,10,0,0.002591703553044642,0.00490245179882863,grasp_0516.npy
517,10,10,0.0,-1.0,grasp_0517.npy
518,10,10,0.0,-1.0,grasp_0518.npy
519,10,0,0.0011226466035166316,-1.0,grasp_0519.npy
520,10,0,0.0016420084989880199,0.0006007573355622832,grasp_0520.npy
521,10,10,0.0,-1.0,grasp_0521.npy
522,10,10,0.0,-1.0,grasp_0522.npy
523,10,10,0.0,-1.0,grasp_0523.npy
524,10,10,0.0006904178972330989,0.0022350792338354363,grasp_0524.npy
525,10,0,0.0022112164479616797,-1.0,grasp_0525.npy
526,10,0,0.0,-1.0,grasp_0526.npy
527,10,10,0.0011899334370341806,0.005531024765037095,grasp_0527.npy
528,10,10,0.0023170999424598285,0.0025186784129061016,grasp_0528.npy
529,10,10,0.0,-1.0,grasp_0529.npy
530,10,0,0.002006613974773494,-1.0,grasp_0530.npy
531,10,0,0.0,-1.0,grasp_0531.npy
532,10,10,0.009203509158865563,0.019353964192889754,grasp_0532.npy
533,10,0,0.009493503220370217,0.008945800697758343,grasp_0533.npy
534,10,0,0.0,-1.0,grasp_0534.npy
535,10,10,0.0022394442715104406,0.012019213472491727,grasp_0535.npy
536,10,10,0.0006069942348838332,-1.0,grasp_0536.npy
537,10,10,0.0,-1.0,grasp_0537.npy
538,10,10,0.00206253683630808,0.004071042054471924,grasp_0538.npy
539,10,0,0.0013266530749500645,-1.0,grasp_0539.npy
540,10,10,0.0,-1.0,grasp_0540.npy
541,10,0,0.0016587014287620064,0.004282528236905274,grasp_0541.npy
542,10,10,0.0008723392998834531,0.003294214696159894,grasp_0542.npy
543,10,0,0.005263771103665932,0.009395950432303901,grasp_0543.npy
544,10,0,0.0,-1.0,grasp_0544.npy
545,10,10,0.0,-1.0,grasp_0545.npy
546,10,0,0.0,-1.0,grasp_0546.npy
547,10,10,0.0,-1.0,grasp_0547.npy
548,10,0,0.004384810665765338,0.009479930197286879,grasp_0548.npy
549,10,10,0.0,-1.0,grasp_0549.npy
550,10,10,0.0,-1.0,grasp_0550.npy
551,10,10,0.0,-1.0,grasp_0551.npy
552,10,10,0.0016241389562825768,-1.0,grasp_0552.npy
553,10,0,0.0018968854694813568,-1.0,grasp_0553.npy
554,10,10,0.002675378605752097,-1.0,grasp_0554.npy
555,10,10,0.0016124440197162841,0.004756278533619034,grasp_0555.npy
556,10,10,0.0,-1.0,grasp_0556.npy
557,10,10,0.0018029829095873393,0.004646896011858941,grasp_0557.npy
558,10,0,0.0,-1.0,grasp_0558.npy
559,10,0,0.00239394085384799,-1.0,grasp_0559.npy
560,10,10,0.0,-1.0,grasp_0560.npy
561,10,10,0.0015505747632759662,0.008501188297652002,grasp_0561.npy
562,10,0,0.0,-1.0,grasp_0562.npy
563,10,10,0.0,-1.0,grasp_0563.npy
564,10,0,0.002163345556627483,0.0027060034369808944,grasp_0564.npy
565,10,0,0.001020743122251219,0.0013310365031230305,grasp_0565.npy
566,10,10,0.0007303076716325386,-1.0,grasp_0566.npy
567,10,10,0.0037041791552994176,0.010073844513814094,grasp_0567.npy
568,10,0,0.0,-1.0,grasp_0568.npy
569,10,10,0.001487192427455841,-1.0,grasp_0569.npy
570,10,10,0.0,-1.0,grasp_0570.npy
571,10,10,0.004441052229651933,0.005851987290034132,grasp_0571.npy
572,10,10,0.0,-1.0,grasp_0572.npy
573,10,10,0.0004977202239269696,-1.0,grasp_0573.npy
574,10,10,0.002040627155482119,0.003760473140440301,grasp_0574.npy
575,10,0,0.001038941514337027,-1.0,grasp_0575.npy
576,10,10,0.0007440844729189116,4.22179625028489e-05,grasp_0576.npy
577,10,10,0.0,-1.0,grasp_0577.npy
578,10,10,0.0,-1.0,grasp_0578.npy
579,10,10,0.0,-1.0,grasp_0579.npy
580,10,10,0.00037413598582843407,0.0016523490914730128,grasp_0580.npy
581,10,10,0.0,-1.0,grasp_0581.npy
582,10,10,0.0,-1.0,grasp_0582.npy
583,10,10,0.0009766209415881992,-1.0,grasp_0583.npy
584,10,10,0.0,-1.0,grasp_0584.npy
585,10,10,0.0007586082629170736,0.0022682685952754023,grasp_0585.npy
586,10,0,0.0019058188707562398,0.0025321304318428675,grasp_0586.npy
587,10,10,0.0033677865162202,-1.0,grasp_0587.npy
588,10,10,0.0,-1.0,grasp_0588.npy
589,10,0,0.0,-1.0,grasp_0589.npy
590,10,10,0.0,-1.0,grasp_0590.npy
591,10,0,0.0,-1.0,grasp_0591.npy
592,10,10,0.004564787305121999,0.004722172413560167,grasp_0592.npy
593,10,10,0.0011811152809901586,0.0017092322460828119,grasp_0593.npy
594,10,10,0.0,-1.0,grasp_0594.npy
595,10,0,0.0019129072562722785,0.0035127506845505224,grasp_0595.npy
596,10,10,0.005905152116609199,0.01535057409616521,grasp_0596.npy
597,10,10,0.0,-1.0,grasp_0597.npy
598,10,0,0.002377640534396827,0.0015505305894144839,grasp_0598.npy
599,10,0,0.0,-1.0,grasp_0599.npy
600,10,0,0.0016384326102191521,-1.0,grasp_0600.npy
601,10,10,0.0,-1.0,grasp_0601.npy
602,10,0,0.0005657308437390339,-1.0,grasp_0602.npy
603,10,0,0.0,-1.0,grasp_0603.npy
604,10,0,0.0,-1.0,grasp_0604.npy
605,10,0,0.0,-1.0,grasp_0605.npy
606,10,0,0.0,-1.0,grasp_0606.npy
607,10,10,0.0017037429372056944,0.006447944043996366,grasp_0607.npy
608,10,0,0.02009271774561977,-1.0,grasp_0608.npy
609,10,10,0.0,-1.0,grasp_0609.npy
610,10,10,0.0018587917078403623,0.005703748662717957,grasp_0610.npy
611,10,10,0.0,-1.0,grasp_0611.npy
612,10,10,0.0,-1.0,grasp_0612.npy
613,10,0,0.0024453776292857163,0.003960280809403832,grasp_0613.npy
614,10,10,0.0,-1.0,grasp_0614.npy
615,10,10,0.0,-1.0,grasp_0615.npy
616,10,10,0.0,-1.0,grasp_0616.npy
617,10,10,0.002556501214260535,0.003013906141115602,grasp_0617.npy
618,10,0,0.0044174223683851824,0.010638758251940106,grasp_0618.npy
619,10,0,0.01634815230270581,0.02376187793539524,grasp_0619.npy
620,10,0,0.0024435323111366087,0.004514260028866984,grasp_0620.npy
621,10,10,0.0,-1.0,grasp_0621.npy
622,10,10,0.0,-1.0,grasp_0622.npy
623,10,10,0.0,-1.0,grasp_0623.npy
624,10,0,0.0018550600871484592,0.004606825608931837,grasp_0624.npy
625,10,0,0.0,-1.0,grasp_0625.npy
626,10,10,0.0,-1.0,grasp_0626.npy
627,10,0,0.0028051358967748482,0.007056248303009726,grasp_0627.npy
628,10,10,0.0,-1.0,grasp_0628.npy
629,10,10,0.0013061895643056943,0.0037185951947120727,grasp_0629.npy
630,10,0,0.0,-1.0,grasp_0630.npy
631,10,10,0.0,-1.0,grasp_0631.npy
632,10,0,0.0,-1.0,grasp_0632.npy
633,10,10,0.0,-1.0,grasp_0633.npy
634,10,10,0.005884231461214383,0.020317066750655463,grasp_0634.npy
635,10,0,0.0,-1.0,grasp_0635.npy
636,10,10,0.0,-1.0,grasp_0636.npy
637,10,0,0.0051133067990450625,0.009815661932612747,grasp_0637.npy
638,10,0,0.0,-1.0,grasp_0638.npy
639,10,0,0.005267737583993981,0.0007757976464311256,grasp_0639.npy
640,10,10,0.004167845988834445,-1.0,grasp_0640.npy
641,10,0,0.0,-1.0,grasp_0641.npy
642,10,0,0.0012606398233214054,-1.0,grasp_0642.npy
643,10,10,0.0018513080366095933,0.004467916052119152,grasp_0643.npy
644,10,10,0.0,-1.0,grasp_0644.npy
645,10,0,0.0012541842424024982,0.007184083543895953,grasp_0645.npy
646,10,10,0.0,-1.0,grasp_0646.npy
647,10,2,0.00321664061402392,0.00566581410391806,grasp_0647.npy
648,10,10,0.0031597464332422825,0.008220857012360513,grasp_0648.npy
649,10,10,0.0022750930913925235,0.0043297504100141965,grasp_0649.npy
650,10,10,0.0034919718902665805,0.0072601071659095795,grasp_0650.npy
651,10,0,0.0,-1.0,grasp_0651.npy
652,10,10,0.002596960220240704,0.013722436593596564,grasp_0652.npy
653,10,10,0.00211560678945603,0.0013638180795457902,grasp_0653.npy
654,10,0,0.0035769508661921442,0.005770908028533167,grasp_0654.npy
655,10,10,0.0,-1.0,grasp_0655.npy
656,10,0,0.0,-1.0,grasp_0656.npy
657,10,0,0.006930377219383276,-1.0,grasp_0657.npy
658,10,10,0.0,-1.0,grasp_0658.npy
659,10,0,0.0,-1.0,grasp_0659.npy
660,10,0,0.0,-1.0,grasp_0660.npy
661,10,10,0.0,-1.0,grasp_0661.npy
662,10,10,0.0,-1.0,grasp_0662.npy
663,10,10,0.0,-1.0,grasp_0663.npy
664,10,10,0.0009053942000605092,0.0009957173774552772,grasp_0664.npy
665,10,10,0.0011405212737805267,-1.0,grasp_0665.npy
666,10,0,0.0010078794898377257,0.004645936267849165,grasp_0666.npy
667,10,10,0.0030189210393198203,0.00897326881973684,grasp_0667.npy
668,10,10,0.0,-1.0,grasp_0668.npy
669,10,10,0.007415221824168372,0.016318557462480905,grasp_0669.npy
670,10,0,0.025157224476511898,0.043355388329806004,grasp_0670.npy
671,10,5,0.0033077774242509473,0.007187995932293634,grasp_0671.npy
672,10,0,0.0,-1.0,grasp_0672.npy
673,10,0,0.019325104226022148,0.03439491819678315,grasp_0673.npy
674,10,10,0.0,-1.0,grasp_0674.npy
675,10,10,0.0,-1.0,grasp_0675.npy
676,10,10,0.001203731850701851,0.0059949909320121675,grasp_0676.npy
677,10,0,0.0020178203444015347,0.005366298981691742,grasp_0677.npy
678,10,10,0.0021224334636148626,-1.0,grasp_0678.npy
679,10,10,0.002100823798469749,0.005273710318836312,grasp_0679.npy
680,10,0,0.0011988418431785272,-1.0,grasp_0680.npy
681,10,0,0.00142726430365852,-1.0,grasp_0681.npy
682,10,0,0.0,-1.0,grasp_0682.npy
683,10,10,0.0007535853087200731,0.001301220613820181,grasp_0683.npy
684,10,0,0.0,-1.0,grasp_0684.npy
685,10,10,0.004261953204112687,0.009845428464951437,grasp_0685.npy
686,10,10,0.0008998912582579205,0.006529710193367719,grasp_0686.npy
687,10,0,0.005195027347196974,0.006334511890970597,grasp_0687.npy
688,10,10,0.0,-1.0,grasp_0688.npy
689,10,10,0.03661710844147443,0.034034130394899824,grasp_0689.npy
690,10,10,0.012888215017222846,0.023649368546561245,grasp_0690.npy
691,10,0,0.0,-1.0,grasp_0691.npy
692,10,0,0.00168670524745852,6.1175578491834415e-12,grasp_0692.npy
693,10,10,0.0005767119844742944,-1.0,grasp_0693.npy
694,10,0,0.0012361164747907588,0.006027418162580647,grasp_0694.npy
695,10,0,0.0036405032293065492,0.009038766210036544,grasp_0695.npy
696,10,10,0.0,-1.0,grasp_0696.npy
697,10,10,0.0,-1.0,grasp_0697.npy
698,10,10,0.0016295820558306906,0.0029506148142607984,grasp_0698.npy
699,10,10,0.0013590387422366269,-1.0,grasp_0699.npy
700,10,10,0.001568380103834105,0.00943071824653241,grasp_0700.npy
701,10,10,0.0,-1.0,grasp_0701.npy
702,10,10,0.0014332496664330853,-1.0,grasp_0702.npy
703,10,0,0.0006871148242675351,-1.0,grasp_0703.npy
704,10,10,0.0,-1.0,grasp_0704.npy
705,10,10,0.0,-1.0,grasp_0705.npy
706,10,0,0.004789179946770056,0.008022315375015798,grasp_0706.npy
707,10,10,0.0,-1.0,grasp_0707.npy
708,10,0,0.0,-1.0,grasp_0708.npy
709,10,0,0.00740656386264208,0.01613517069763914,grasp_0709.npy
710,10,10,0.0,-1.0,grasp_0710.npy
711,10,10,0.013887516274791725,0.025721092559744127,grasp_0711.npy
712,10,0,0.0,-1.0,grasp_0712.npy
713,10,10,0.0006547119317690868,-1.0,grasp_0713.npy
714,10,10,0.0018665046705400603,0.008401554589603203,grasp_0714.npy
715,10,10,0.0,-1.0,grasp_0715.npy
716,10,0,0.001711843253290852,0.0040222678377663384,grasp_0716.npy
717,10,0,0.003870424846822088,-1.0,grasp_0717.npy
718,10,0,0.0,-1.0,grasp_0718.npy
719,10,0,0.0,-1.0,grasp_0719.npy
720,10,10,0.000820247294506163,0.0033297779509557784,grasp_0720.npy
721,10,10,0.0,-1.0,grasp_0721.npy
722,10,0,0.0,-1.0,grasp_0722.npy
723,10,10,0.0023275543073730015,0.004204302065976523,grasp_0723.npy
724,10,0,0.003197675584257751,0.0071354900560884615,grasp_0724.npy
725,10,10,0.008518611752015251,0.014838455559247211,grasp_0725.npy
726,10,0,0.0034548387533221755,-1.0,grasp_0726.npy
727,10,10,0.0025207470408216567,0.005994404198408344,grasp_0727.npy
728,10,10,0.004472735987939364,0.010709803179499426,grasp_0728.npy
729,10,0,0.007741099791584884,0.015401147850072662,grasp_0729.npy
730,10,10,0.003665009024474805,-1.0,grasp_0730.npy
731,10,0,0.0,-1.0,grasp_0731.npy
732,10,0,0.0043867011768239745,0.010916971727651603,grasp_0732.npy
733,10,10,0.0,-1.0,grasp_0733.npy
734,10,10,0.0,-1.0,grasp_0734.npy
735,10,10,0.001693121220231497,0.005449919419398458,grasp_0735.npy
736,10,0,0.0,-1.0,grasp_0736.npy
737,10,0,0.0018383038956296493,-1.0,grasp_0737.npy
738,10,10,0.00385298627947506,0.006919945126994759,grasp_0738.npy
739,10,10,0.003991189046179044,0.009761631459346692,grasp_0739.npy
740,10,1,0.0006677099690204335,-1.0,grasp_0740.npy
741,10,10,0.0069450096000220046,0.010740254911432379,grasp_0741.npy
742,10,10,0.0,-1.0,grasp_0742.npy
743,10,10,0.0030303972377734626,0.010147072528705385,grasp_0743.npy
744,10,10,0.02533138947976611,0.02578852353630775,grasp_0744.npy
745,10,10,0.006888467629728198,0.00738687925295347,grasp_0745.npy
746,10,10,0.018620302542958163,0.0201894067973879,grasp_0746.npy
747,10,10,0.008388983542887836,0.014832253685886275,grasp_0747.npy
748,10,10,0.0008401753925521671,-1.0,grasp_0748.npy
749,10,0,0.0,-1.0,grasp_0749.npy
750,10,0,0.0,-1.0,grasp_0750.npy
751,10,10,0.0017461431772977055,0.001381978814049667,grasp_0751.npy
752,10,0,0.0,-1.0,grasp_0752.npy
753,10,0,0.0016221396530101207,-1.0,grasp_0753.npy
754,10,10,0.0,-1.0,grasp_0754.npy
755,10,0,0.0015419325078394578,-1.0,grasp_0755.npy
756,10,10,0.0,-1.0,grasp_0756.npy
757,10,0,0.0,-1.0,grasp_0757.npy
758,10,0,0.002894994359651685,0.006669477477164051,grasp_0758.npy
759,10,0,0.0,-1.0,grasp_0759.npy
760,10,10,0.001345600557918885,-1.0,grasp_0760.npy
761,10,0,0.0018060373318997884,0.0036498319750194325,grasp_0761.npy
762,10,0,0.0,-1.0,grasp_0762.npy
763,10,10,0.004467652582161729,0.006506280937895403,grasp_0763.npy
764,10,0,0.0,-1.0,grasp_0764.npy
765,10,10,0.0064468442647185615,0.005328196236923294,grasp_0765.npy
766,10,10,0.0,-1.0,grasp_0766.npy
767,10,10,0.0,-1.0,grasp_0767.npy
768,10,0,0.0,-1.0,grasp_0768.npy
769,10,10,0.002183360390198083,-1.0,grasp_0769.npy
770,10,0,0.0024783499344662964,0.002959305983289806,grasp_0770.npy
771,10,0,0.0017642259227774008,0.0004048065227231965,grasp_0771.npy
772,10,10,0.0,-1.0,grasp_0772.npy
773,10,0,0.005011788760981335,0.010239601366709775,grasp_0773.npy
774,10,10,0.0,-1.0,grasp_0774.npy
775,10,0,0.0016388069799323556,-1.0,grasp_0775.npy
776,10,0,0.0,-1.0,grasp_0776.npy
777,10,0,0.0037261021823187836,-1.0,grasp_0777.npy
778,10,10,0.0014033831260981565,4.927652036412766e-11,grasp_0778.npy
779,10,0,0.0,-1.0,grasp_0779.npy
780,10,10,0.0,-1.0,grasp_0780.npy
781,10,10,0.0,-1.0,grasp_0781.npy
782,10,10,0.0,-1.0,grasp_0782.npy
783,10,10,0.0,-1.0,grasp_0783.npy
784,10,10,0.0,-1.0,grasp_0784.npy
785,10,0,0.004939699683029047,0.007924887331454675,grasp_0785.npy
786,10,0,0.010806149122480053,0.02177135387438114,grasp_0786.npy
787,10,10,0.0,-1.0,grasp_0787.npy
788,10,10,0.0,-1.0,grasp_0788.npy
789,10,0,0.0020888897443635365,0.0038314575993757677,grasp_0789.npy
790,10,10,0.0018017138402038045,0.0053591135583566304,grasp_0790.npy
791,10,0,0.003950095674082356,-1.0,grasp_0791.npy
792,10,0,0.0014078502844257013,-1.0,grasp_0792.npy
793,10,10,0.0,-1.0,grasp_0793.npy
794,10,10,0.0016872059562379723,-1.0,grasp_0794.npy
795,10,0,0.0050885693268789564,0.010396774007242912,grasp_0795.npy
796,10,10,0.0008823522157348991,-1.0,grasp_0796.npy
797,10,10,0.0,-1.0,grasp_0797.npy
798,10,0,0.0018668294925758046,0.0013968851928998355,grasp_0798.npy
799,10,0,0.0018488362541041149,2.6274583728579104e-05,grasp_0799.npy
800,10,10,0.0052958221967337885,0.011877668950392807,grasp_0800.npy
801,10,10,0.0,-1.0,grasp_0801.npy
802,10,10,0.0,-1.0,grasp_0802.npy
803,10,10,0.003916068437718815,0.020035551605980164,grasp_0803.npy
804,10,0,0.0018548537802212457,0.0048130171256241805,grasp_0804.npy
805,10,10,0.0,-1.0,grasp_0805.npy
806,10,10,0.0007484313744111696,0.0016619772774863761,grasp_0806.npy
807,10,10,0.0,-1.0,grasp_0807.npy
808,10,0,0.0,-1.0,grasp_0808.npy
809,10,0,0.012069850432116115,0.02148738710241136,grasp_0809.npy
810,10,10,0.0,-1.0,grasp_0810.npy
811,10,10,0.005550046389383854,0.007742968724503273,grasp_0811.npy
812,10,10,0.0,-1.0,grasp_0812.npy
813,10,10,0.0,-1.0,grasp_0813.npy
814,10,0,0.0,-1.0,grasp_0814.npy
815,10,10,0.0,-1.0,grasp_0815.npy
816,10,10,0.0,-1.0,grasp_0816.npy
817,10,0,0.0025741130559489367,-1.0,grasp_0817.npy
818,10,10,0.0014257778230617666,0.00266325956313726,grasp_0818.npy
819,10,0,0.002024354140726777,0.003816121982843715,grasp_0819.npy
820,10,0,0.0018576819877324968,0.004606064117143656,grasp_0820.npy
821,10,0,0.0,-1.0,grasp_0821.npy
822,10,0,0.0,-1.0,grasp_0822.npy
823,10,0,0.0,-1.0,grasp_0823.npy
824,10,0,0.0,-1.0,grasp_0824.npy
825,10,0,0.0,-1.0,grasp_0825.npy
826,10,0,0.0,-1.0,grasp_0826.npy
827,10,0,0.000759499813047435,-1.0,grasp_0827.npy
828,10,0,0.0,-1.0,grasp_0828.npy
829,10,0,0.0014591736326688292,-1.0,grasp_0829.npy
830,10,10,0.0019639068300522375,-1.0,grasp_0830.npy
831,10,10,0.0,-1.0,grasp_0831.npy
832,10,10,0.0023710605436048746,0.006993883877279906,grasp_0832.npy
833,10,10,0.0,-1.0,grasp_0833.npy
834,10,10,0.00102422182792546,0.0027579027969307918,grasp_0834.npy
835,10,0,0.0,-1.0,grasp_0835.npy
836,10,10,0.0,-1.0,grasp_0836.npy
837,10,0,0.002273199463480656,0.00044925678969981453,grasp_0837.npy
838,10,0,0.0,-1.0,grasp_0838.npy
839,10,10,0.0,-1.0,grasp_0839.npy
840,10,10,0.0008661565198840315,0.0021288451933609686,grasp_0840.npy
841,10,10,0.0,-1.0,grasp_0841.npy
842,10,10,0.005604162677393584,0.007176160693388348,grasp_0842.npy
843,10,0,0.004091586381842173,0.010524673070745633,grasp_0843.npy
844,10,0,0.003974933105979,-1.0,grasp_0844.npy
845,10,0,0.0017279383696672881,-1.0,grasp_0845.npy
846,10,10,0.005033028782397084,0.01562819977798898,grasp_0846.npy
847,10,0,0.006958963412125376,0.014546810584690695,grasp_0847.npy
848,10,10,0.04168715172289683,0.003500857381616108,grasp_0848.npy
849,10,10,0.0025407202386642665,0.007251625233464551,grasp_0849.npy
850,10,10,0.0006848302455822208,-1.0,grasp_0850.npy
851,10,10,0.0014711501519793606,0.009787991448284785,grasp_0851.npy
852,10,0,0.0,-1.0,grasp_0852.npy
853,10,10,0.0,-1.0,grasp_0853.npy
854,10,10,0.0015343194696748645,0.009950223547323694,grasp_0854.npy
855,10,10,0.0,-1.0,grasp_0855.npy
856,10,0,0.0,-1.0,grasp_0856.npy
857,10,0,0.021871497335331568,0.018738530730446155,grasp_0857.npy
858,10,0,0.004752776821940275,0.007334091410477861,grasp_0858.npy
859,10,0,0.0,-1.0,grasp_0859.npy
860,10,0,0.0,-1.0,grasp_0860.npy
861,10,10,0.0013387472778527447,-1.0,grasp_0861.npy
862,10,10,0.0,-1.0,grasp_0862.npy
863,10,10,0.0012809178210328427,-1.0,grasp_0863.npy
864,10,0,0.004211981007731057,0.009977738315974722,grasp_0864.npy
865,10,0,0.0021177476558543727,0.005784448924922258,grasp_0865.npy
866,10,10,0.0,-1.0,grasp_0866.npy
867,10,0,0.004361435032497318,0.004761979647484649,grasp_0867.npy
868,10,0,0.0,-1.0,grasp_0868.npy
869,10,0,0.0,-1.0,grasp_0869.npy
870,10,0,0.00684665434959661,0.010575366998885734,grasp_0870.npy
871,10,0,0.0,-1.0,grasp_0871.npy
872,10,0,0.00020072646427771466,-1.0,grasp_0872.npy
873,10,10,0.0038651656742459805,0.008283872424041914,grasp_0873.npy
874,10,0,0.012268002492516118,0.019703085884448468,grasp_0874.npy
875,10,10,0.0019405345988673442,0.0044413853039295455,grasp_0875.npy
876,10,0,0.0,-1.0,grasp_0876.npy
877,10,10,0.0,-1.0,grasp_0877.npy
878,10,0,0.0,-1.0,grasp_0878.npy
879,10,10,0.0,-1.0,grasp_0879.npy
880,10,10,0.0,-1.0,grasp_0880.npy
881,10,0,0.0,-1.0,grasp_0881.npy
882,10,0,0.035166593547201565,-1.0,grasp_0882.npy
883,10,0,0.0,-1.0,grasp_0883.npy
884,10,10,0.0018199039977979854,0.006410475729622743,grasp_0884.npy
885,10,0,0.0015919651787739465,0.005331602285180044,grasp_0885.npy
886,10,10,0.0,-1.0,grasp_0886.npy
887,10,10,0.00036275377468839243,0.001059986957358594,grasp_0887.npy
888,10,0,0.001328218419378666,0.004468099481226305,grasp_0888.npy
889,10,10,0.0038598596356886677,0.012051106906098882,grasp_0889.npy
890,10,10,0.0010606759176788963,-1.0,grasp_0890.npy
891,10,0,0.005448563032304712,0.007352571354303637,grasp_0891.npy
892,10,10,0.0,-1.0,grasp_0892.npy
893,10,0,0.0,-1.0,grasp_0893.npy
894,10,10,0.0,-1.0,grasp_0894.npy
895,10,0,0.0030068318385777846,0.006387311623499002,grasp_0895.npy
896,10,0,0.0,-1.0,grasp_0896.npy
897,10,0,0.0019315346982986315,-1.0,grasp_0897.npy
898,10,0,0.0018705375953516074,0.004667069563478992,grasp_0898.npy
899,10,10,0.0,-1.0,grasp_0899.npy
900,10,0,0.0021420874429095666,0.00427755090497647,grasp_0900.npy
901,10,10,0.0018613207970811947,0.005431717055648627,grasp_0901.npy
902,10,10,0.005893187405821378,0.012746939150929452,grasp_0902.npy
903,10,10,0.0,-1.0,grasp_0903.npy
904,10,10,0.0017843269232149126,0.007056676779395303,grasp_0904.npy
905,10,10,0.0012304454437571924,0.0039010932255334023,grasp_0905.npy
906,10,10,0.000971383991604762,0.006925186311641476,grasp_0906.npy
907,10,0,0.002152367317154411,0.003744222471891832,grasp_0907.npy
908,10,0,0.005161926473308842,0.009789503061164703,grasp_0908.npy
909,10,0,0.0039101256017600155,-1.0,grasp_0909.npy
910,10,10,0.004440226283822208,0.010016370137513164,grasp_0910.npy
911,10,0,0.0,-1.0,grasp_0911.npy
912,10,0,0.014996676507514479,0.0025269596174352232,grasp_0912.npy
913,10,0,0.0,-1.0,grasp_0913.npy
914,10,10,0.0,-1.0,grasp_0914.npy
915,10,0,0.0,-1.0,grasp_0915.npy
916,10,10,0.0,-1.0,grasp_0916.npy
917,10,10,0.003553717924891662,0.00778866578751089,grasp_0917.npy
918,10,10,0.004495411102097271,0.0036449333222129798,grasp_0918.npy
919,10,10,0.0008163717688414404,0.0007345539146809341,grasp_0919.npy
920,10,10,0.0,-1.0,grasp_0920.npy
921,10,10,0.0009857354119877926,0.0038395342512089273,grasp_0921.npy
922,10,0,0.0025403399653470336,0.0092340255570296,grasp_0922.npy
923,10,0,0.004894995957334624,0.00799233483101254,grasp_0923.npy
924,10,10,0.004857528318236606,0.0013141987175881436,grasp_0924.npy
925,10,10,0.0022390444340299382,0.002383136860760974,grasp_0925.npy
926,10,0,0.0,-1.0,grasp_0926.npy
927,10,10,0.0025781176012151697,0.0076233114215239406,grasp_0927.npy
928,10,10,0.00265253401327812,0.0038223213131067385,grasp_0928.npy
929,10,10,0.0013005553842079377,0.001304819842240186,grasp_0929.npy
930,10,0,0.007461259629410679,0.017251485131843408,grasp_0930.npy
931,10,10,0.002294772910586741,0.0047765447838352265,grasp_0931.npy
932,10,10,0.0,-1.0,grasp_0932.npy
933,10,10,0.003339806048410752,0.00767707284499216,grasp_0933.npy
934,10,10,0.002146834148677205,0.005684296442768619,grasp_0934.npy
935,10,10,0.0015378233268756943,0.003982164432433599,grasp_0935.npy
936,10,10,0.002940638671281354,0.007779325539771885,grasp_0936.npy
937,10,0,0.0,-1.0,grasp_0937.npy
938,10,0,0.0,-1.0,grasp_0938.npy
939,10,0,0.0,-1.0,grasp_0939.npy
940,10,10,0.0,-1.0,grasp_0940.npy
941,10,10,0.001991968369045573,0.009717781192173166,grasp_0941.npy
942,10,10,0.0009776113783390094,0.0038728633163839926,grasp_0942.npy
943,10,0,0.0021109744534128106,0.0034043233193915036,grasp_0943.npy
944,10,0,0.0024548898192786597,0.004298770629789242,grasp_0944.npy
945,10,0,0.0,-1.0,grasp_0945.npy
946,10,0,0.0019536522941581663,0.003817312825048302,grasp_0946.npy
947,10,0,0.0,-1.0,grasp_0947.npy
948,10,10,0.006837017626273327,0.007652523298118087,grasp_0948.npy
949,10,10,0.0019743733050809576,-1.0,grasp_0949.npy
950,10,10,0.0,-1.0,grasp_0950.npy
951,10,0,0.0032563812379354977,-1.0,grasp_0951.npy
952,10,10,0.0,-1.0,grasp_0952.npy
953,10,10,0.0,-1.0,grasp_0953.npy
954,10,10,0.0,-1.0,grasp_0954.npy
955,10,0,0.0015069460933523743,-1.0,grasp_0955.npy
956,10,0,0.0,-1.0,grasp_0956.npy
957,10,10,0.01625640325776839,0.013266292533855136,grasp_0957.npy
958,10,0,0.001189479880107004,-1.0,grasp_0958.npy
959,10,10,0.0,-1.0,grasp_0959.npy
960,10,10,0.0,-1.0,grasp_0960.npy
961,10,10,0.0,-1.0,grasp_0961.npy
962,10,0,0.010972144039357328,0.018215427812278806,grasp_0962.npy
963,10,0,0.001850781312715821,0.0042100344900056,grasp_0963.npy
964,10,0,0.0011944976916297729,0.0046144780559336795,grasp_0964.npy
965,10,0,0.0,-1.0,grasp_0965.npy
966,10,10,0.015964635970398672,0.019674668249099934,grasp_0966.npy
967,10,0,0.006314092774361117,0.010934796318212342,grasp_0967.npy
968,10,10,0.0009208692318556393,0.005491722919330352,grasp_0968.npy
969,10,0,0.007680780952704185,0.018017366601694923,grasp_0969.npy
970,10,10,0.0019462619108687603,-1.0,grasp_0970.npy
971,10,0,0.0006765171504873694,0.0016599992592567859,grasp_0971.npy
972,10,0,0.0,-1.0,grasp_0972.npy
973,10,0,0.003777470224835852,-1.0,grasp_0973.npy
974,10,0,0.0,-1.0,grasp_0974.npy
975,10,0,0.0,-1.0,grasp_0975.npy
976,10,10,0.002276469417614691,0.001138895047599578,grasp_0976.npy
977,10,0,0.009961459642861126,0.02217257876404862,grasp_0977.npy
978,10,10,0.0008022258957800833,0.0035852757475205305,grasp_0978.npy
979,10,10,0.0016709340985975483,0.0016864692690879701,grasp_0979.npy
980,10,0,0.0,-1.0,grasp_0980.npy
981,10,0,0.012223660123182068,0.021121077654608605,grasp_0981.npy
982,10,10,0.0006115209115970754,0.003030470710929052,grasp_0982.npy
983,10,0,0.002523488464910618,0.0054843154183070245,grasp_0983.npy
984,10,10,0.0014896955640917157,0.007610248615003659,grasp_0984.npy
985,10,10,0.0021663175087230173,-1.0,grasp_0985.npy
986,10,0,0.0,-1.0,grasp_0986.npy
987,10,10,0.0005299924570793763,-1.0,grasp_0987.npy
988,10,0,0.0,-1.0,grasp_0988.npy
989,10,10,0.0,-1.0,grasp_0989.npy
990,10,0,0.0,-1.0,grasp_0990.npy
991,10,10,0.0,-1.0,grasp_0991.npy
992,10,10,0.0026676373511869966,0.01251120891157282,grasp_0992.npy
993,10,10,0.001703341067597934,0.004225641499604492,grasp_0993.npy
994,10,0,0.002213451208187874,-1.0,grasp_0994.npy
995,10,10,0.0010031678472770032,0.0019482018180298887,grasp_0995.npy
996,10,0,0.0,-1.0,grasp_0996.npy
997,10,0,0.0,-1.0,grasp_0997.npy
998,10,0,0.0060345621039943394,0.009801705807506642,grasp_0998.npy
999,10,10,0.0007279909077862331,-1.0,grasp_0999.npy
